# pgnr,lat,lon - HND Bayern station coordinates (UTM32/ETRS89 stammdaten -> WGS84)
10024000,48.26627,9.73146
10026293,48.38909,9.98659
10026302,48.38934,9.98673
10032009,48.4655,10.28364
10035801,48.56818,10.49872
10039802,48.71089,10.80152
10041906,48.73611,11.02108
10042104,48.73611,11.02108
10043504,48.73438,11.14359
10043708,48.73912,11.17799
10045601,48.75079,11.41197
10046105,48.75741,11.42605
10049001,48.77312,11.61942
10051105,48.81827,11.74552
10053009,48.91648,11.86465
10054500,48.91183,11.93209
10056302,48.94696,12.01493
10061007,49.02141,12.10172
10062000,49.02358,12.1387
10068006,48.98039,12.38376
10074009,48.88639,12.57401
10078000,48.87977,12.74722
10081004,48.82511,12.96226
10088003,48.67663,13.11516
10089006,48.63731,13.18247
10091008,48.57611,13.45869
10092000,48.57523,13.47803
10094006,48.58206,13.5032
10096001,48.56733,13.58682
11400505,47.45993,10.2787
11401009,47.52427,10.26031
11401185,47.5596,10.23128
11401202,47.56932,10.23496
11401205,47.56924,10.23568
11401701,47.62203,10.28526
11402001,47.73041,10.31688
11402770,47.93906,10.10839
11402809,47.94092,10.10294
11403004,48.02267,10.13679
11405000,48.37089,9.98771
11411104,47.32603,10.26684
11412107,47.42287,10.2714
11415008,47.42391,10.2767
11417100,47.39122,10.29421
11418250,47.4172,10.25432
11419004,47.46211,10.29339
11425200,47.50464,10.32356
11427300,47.53599,10.32498
11427603,47.53002,10.2972
11432002,47.52199,10.22988
11434008,47.55792,10.10761
11436003,47.57053,10.19231
11438015,47.56483,10.23067
11443009,47.64876,10.41219
11444001,47.6328,10.36377
11445004,47.62811,10.35822
11455201,47.69805,10.34275
11463006,47.76002,10.37211
11465001,47.7682,10.33689
11482000,47.87652,10.03746
11487000,47.76326,10.0651
11495002,48.04494,10.15012
11498000,48.35018,10.01214
11526000,48.39864,9.96481
11548007,48.3696,10.15126
11582300,48.07168,10.29955
11583303,48.23612,10.31397
11584000,48.3524,10.30216
11587002,47.9232,10.30435
11587005,47.92402,10.30548
11587753,47.92506,10.40291
11587755,47.92577,10.40243
11602480,47.98614,10.50215
11605009,48.16979,10.43371
11605202,48.16968,10.43359
11606155,48.21207,10.44444
11606353,48.24651,10.4619
11606355,48.24693,10.46187
11609000,48.4856,10.38042
11649004,48.13301,10.51011
11649255,48.23695,10.48623
11649455,48.24827,10.45772
11688475,48.18299,10.38518
11689508,48.45563,10.37972
11723100,48.63015,10.15448
11723504,48.54735,10.31881
11744005,48.61502,10.42719
11802509,49.17579,10.25895
11803501,49.0702,10.32316
11805008,49.04777,10.51765
11808006,48.81231,10.6416
11809009,48.78325,10.69238
11840508,49.22622,10.3218
11857500,48.96538,10.72048
11861009,48.86238,10.3512
11864007,48.80856,10.60204
11921701,48.35902,10.57001
11923555,48.55886,10.68797
11924007,48.60866,10.71761
11942009,48.29368,10.65382
11944004,48.49218,10.82735
11946000,48.63546,10.81857
12000207,47.20741,10.13996
12000706,47.49702,10.70966
12001006,47.56593,10.7003
12001028,47.56549,10.70059
12001108,47.6545,10.74592
12001301,47.65489,10.74473
12001403,47.65416,10.75
12002009,47.69818,10.79795
12003001,48.04152,10.87498
12003500,48.31661,10.9459
12006000,48.40697,10.88803
12113005,47.20494,10.14061
12133007,47.36863,10.53797
12183005,47.58071,10.55748
12185000,47.55156,10.65075
12311003,47.60209,10.68255
12312006,47.57246,10.64765
12313009,47.58701,10.68387
12314001,47.58728,10.75155
12321007,47.61037,10.8252
12327003,47.64746,10.81968
12335001,47.72676,10.89176
12393201,48.23794,10.92383
12401004,47.58499,10.40906
12402007,47.60186,10.42314
12403000,47.6203,10.45884
12404002,47.62094,10.46181
12404705,47.77344,10.59537
12405005,47.82633,10.64291
12406008,48.06328,10.65181
12407000,48.37848,10.88204
12412000,47.6005,10.42018
12418007,47.70593,10.51108
12425002,47.74814,10.58328
12433102,47.77505,10.50817
12445000,47.8264,10.65323
12465007,48.04671,10.71869
12483009,48.14807,10.75516
12483100,48.14732,10.75378
13123995,48.16526,10.92849
13191030,48.75691,11.04138
13200609,48.22498,10.98441
13200700,48.2253,10.98466
13201000,48.27328,10.98609
13202003,48.38371,11.05084
13204555,48.46717,11.13192
13206004,48.57407,11.28229
13208000,48.71768,11.4937
13208509,48.72812,11.50133
13212255,48.24901,11.01017
13212257,48.24901,11.01017
13217000,48.42136,11.14975
13227000,48.55313,11.28734
13241005,48.72792,11.47414
13242008,48.58129,11.11434
13242201,48.62022,11.17744
13242507,48.70859,11.31283
13249007,48.71078,11.44872
13320555,48.56241,11.7403
13321002,48.64274,11.78412
13321655,48.76078,11.83954
13322005,48.81655,11.83064
13323955,48.43068,11.3804
13325207,48.52685,11.50759
13325502,48.68303,11.61731
13327655,48.52591,11.50245
13327855,48.60378,11.62225
13400903,49.38272,10.37327
13402002,49.26104,10.45608
13402807,49.20654,10.54461
13403504,49.17109,10.65052
13404460,49.15802,10.69988
13404799,49.12391,10.74863
13404802,49.14935,10.70379
13405408,49.10053,10.75363
13406105,48.95317,10.91354
13406555,48.88735,11.01762
13407200,48.88304,11.20056
13407709,49.0022,11.39706
13407902,49.02838,11.47821
13415055,49.34186,11.42596
13415065,49.33106,11.41304
13415955,49.28394,11.45304
13416455,49.24351,11.44904
13418055,49.1084,11.44501
13424901,49.15677,10.54873
13434009,49.11206,10.73258
13450300,48.9673,10.95352
13455020,48.87306,11.02192
13465002,49.02988,11.3654
13468003,49.01269,11.18922
13468008,48.99119,11.36418
13483004,49.12168,11.5164
13922002,49.17121,11.72756
13926207,49.02785,11.9145
14002305,49.53562,12.15395
14004708,49.33256,12.10456
14006000,49.23401,12.0841
14008006,49.11795,11.93605
14101205,49.79771,12.16488
14106005,49.72447,12.16687
14106504,49.66969,12.16635
14106505,49.66969,12.16635
14107008,49.80862,12.36384
14107700,49.81232,12.33035
14108000,49.81569,12.32873
14114003,49.81202,12.16468
14116009,49.79039,12.32803
14124007,49.83559,12.06284
14198105,49.77788,12.0282
14198309,49.7309,12.04557
14201006,49.82344,11.89212
14201108,49.82309,11.89117
14203001,49.7679,11.93158
14209008,49.60835,12.12824
14244803,49.71822,11.91591
14338000,49.54923,12.12308
14361206,49.61826,12.49306
14362005,49.57232,12.34029
14364000,49.51934,12.26425
14368500,49.6205,12.41763
14368501,49.6205,12.41763
14402008,49.4096,12.7044
14402303,49.38987,12.69824
14402507,49.38938,12.69632
14405200,49.33725,12.51516
14406009,49.3569,12.4485
14406508,49.35952,12.44792
14408004,49.40445,12.21094
14425003,49.43539,12.59606
14425604,49.40877,12.60404
14426006,49.40475,12.60504
14465008,49.43207,12.45933
14483000,49.4873,12.44932
14486008,49.41077,12.30887
14513009,49.44099,11.99196
14601004,49.6297,11.83026
14602007,49.61197,11.80146
14603000,49.53282,11.79953
14604002,49.44817,11.85482
14606008,49.26537,11.92561
14608003,49.20015,11.94323
14615009,49.6404,11.83144
14631005,49.62585,11.7992
14644801,49.49437,11.7979
14670505,49.45809,11.89541
14671000,49.43288,11.89892
14681003,49.36933,11.68022
14685004,49.29209,11.81424
15201001,49.15706,12.82156
15202300,49.18147,12.7464
15204000,49.21622,12.66802
15205501,49.18997,12.4952
15207055,49.19885,12.27143
15207507,49.22282,12.17466
15210206,49.01005,13.2209
15212008,49.04228,12.9993
15212700,49.07121,12.91997
15213500,49.06006,12.9177
15214003,49.01849,13.23013
15214604,49.00734,13.3713
15215600,49.01306,13.33522
15216009,49.00938,13.2345
15217908,49.03653,12.99655
15221009,49.17162,13.09085
15228008,49.16877,12.85316
15241006,49.33057,12.97557
15242304,49.29984,12.89915
15242305,49.29984,12.89915
15242406,49.31745,12.86735
15242508,49.31872,12.86451
15243001,49.30219,12.83646
15246000,49.24043,12.73345
15247002,49.28234,12.91772
15247501,49.32043,12.89498
15248555,49.32759,12.85368
15249355,49.33729,12.82789
15256855,49.29149,12.6793
15257655,49.11819,12.60834
15257755,49.20658,12.58059
15314008,49.06259,12.27487
15315000,49.03861,12.25239
15325004,48.94119,12.20041
15403006,48.71204,12.01368
15408000,48.91549,12.4254
15422500,48.79281,12.30089
15916000,48.81046,12.56973
15935504,48.82062,12.68689
15993001,48.85399,12.96248
16000708,47.44334,11.27083
16001303,47.55342,11.41808
16001904,47.58271,11.54947
16002000,47.58575,11.55128
16002204,47.58806,11.55066
16002500,47.59133,11.5476
16003003,47.68426,11.57187
16003207,47.75418,11.55608
16003502,47.76144,11.55646
16004006,47.77903,11.54002
16004403,47.91616,11.44614
16005701,48.14536,11.59679
16005703,48.14597,11.59658
16006500,48.39816,11.75222
16006613,48.46547,11.94615
16007004,48.52759,12.13342
16007106,48.5459,12.13665
16008007,48.6752,12.69266
16008506,48.77092,12.88354
16124950,47.42727,11.25307
16145008,47.51804,11.4423
16163000,47.55335,11.53925
16166008,47.58255,11.60667
16312008,47.5876,11.54097
16323004,47.6052,11.334
16326002,47.61152,11.50285
16327504,47.60738,11.37114
16331955,47.65603,11.58924
16336055,47.69954,11.57073
16336555,47.70781,11.55128
16336556,47.70781,11.55128
16345007,47.73955,11.5762
16391004,47.76124,11.57108
16395005,47.8361,11.53639
16401006,47.48341,11.0632
16402009,47.50228,11.08822
16403001,47.53082,11.11696
16404106,47.59752,11.18687
16404900,47.66749,11.32492
16405801,47.63418,11.33898
16407002,47.66576,11.36297
16408130,47.7716,11.4019
16408504,47.83522,11.41495
16412002,47.47719,10.94041
16417055,47.46515,11.04504
16423555,47.46298,11.124
16423556,47.46298,11.124
16425003,47.47989,11.11491
16425300,47.48666,11.10876
16427108,47.48702,11.17242
16427205,47.48706,11.16838
16427305,47.48459,11.12996
16427513,47.48478,11.12639
16427702,47.4825,11.11629
16427703,47.4825,11.11629
16427955,47.49208,11.10912
16432000,47.52377,11.09616
16436055,47.59671,11.1906
16438055,47.65771,11.20788
16455005,47.72887,11.30376
16455155,47.69761,11.41658
16455157,47.69761,11.41658
16475505,47.77146,11.40157
16495000,47.83356,11.41593
16515005,48.14672,11.59086
16516008,48.15116,11.5873
16518502,48.4081,11.77812
16518504,48.40818,11.77906
16518808,48.40511,11.76227
16525355,48.26305,11.83938
16527503,48.31828,11.82044
16602008,48.07641,11.13088
16602303,48.0791,11.12924
16602800,48.1228,11.15548
16603000,48.12261,11.15726
16605006,48.17705,11.26139
16606009,48.29715,11.49191
16607001,48.46068,11.86547
16609007,48.46618,11.91321
16609109,48.48173,11.92812
16610709,47.59459,11.06414
16612001,47.77827,11.05736
16613004,47.84714,11.135
16615203,47.64439,10.96588
16616002,47.69278,11.12196
16617005,47.68676,11.18079
16618008,47.76778,11.12317
16619000,47.69779,11.2329
16625003,47.92361,11.11098
16627009,47.99823,11.17924
16642002,47.98228,11.00284
16642501,48.00316,11.01113
16644050,48.00308,11.01514
16645000,48.02697,11.0109
16645001,48.02697,11.0109
16646400,48.0785,11.11451
16647458,47.9878,11.00592
16651003,48.05118,11.16165
16653055,48.15229,11.29794
16655004,48.23349,11.43695
16658002,48.2519,11.36473
16663002,47.9973,11.34922
16665008,48.0292,11.3631
16666000,48.16721,11.45886
16667604,47.81924,11.32177
16668403,47.91467,11.28636
16668800,48.00027,11.34672
16669009,47.99779,11.36097
16683010,48.31663,11.2052
16683255,48.36758,11.27619
16683507,48.35864,11.37291
16686008,48.42658,11.5261
16802007,48.25301,11.8981
16803503,48.30301,11.9059
16804005,48.30668,11.91029
16805005,48.32945,11.92293
16806008,48.3293,11.91603
16824955,48.35725,11.98944
16825002,48.41299,11.98242
16827008,48.27136,11.97228
16899009,48.50403,12.10078
16924707,48.55357,12.11102
16964995,48.73573,12.74343
16965001,48.73686,12.74482
17125006,48.79833,13.09286
17131055,48.69532,12.88014
17201501,48.52744,12.47229
17203507,48.56961,12.59051
17203802,48.57276,12.61303
17204204,48.60626,12.69382
17206006,48.63039,12.92208
17207508,48.61085,13.14568
17215007,48.45322,12.36562
17224155,48.4837,12.25068
17225000,48.49583,12.34402
17242000,48.52689,12.7312
17245507,48.6105,12.95633
17245609,48.61034,12.9568
17325005,48.58533,13.19671
17345002,48.62844,13.37319
17404000,48.73135,13.43914
17406005,48.68875,13.45186
17413000,48.93805,13.41249
17415006,48.8368,13.35376
17418004,48.95592,13.42659
17425000,48.81891,13.35381
17445007,48.85695,13.38737
17464001,48.71864,13.46805
17466007,48.84881,13.5423
17467000,48.8246,13.56555
17468002,48.72726,13.52314
18000200,47.25643,11.37763
18000221,47.38912,11.78918
18000301,47.52271,12.09332
18000403,47.64404,12.19641
18001508,47.85409,12.1435
18002001,47.86131,12.13536
18003004,48.05931,12.23425
18004007,48.18802,12.42217
18004506,48.23912,12.52861
18005000,48.25522,12.72984
18005019,48.25556,12.72957
18005702,48.24484,13.00809
18007209,48.45577,13.42808
18007800,48.55367,13.43849
18008008,48.56147,13.44414
18009000,48.57334,13.46524
18009002,48.57334,13.46524
18182005,47.61388,12.15651
18193001,47.65843,12.15405
18194503,47.70693,12.17029
18196000,47.74627,12.18164
18197501,47.88743,12.24547
18199008,47.85012,12.18709
18201008,47.72376,11.74627
18202000,47.77344,11.76847
18202001,47.77343,11.76847
18203003,47.89526,11.78347
18204006,47.89267,11.85241
18205985,47.85797,11.99402
18209000,47.84477,12.1254
18212004,47.67526,11.7669
18213506,47.62376,11.72032
18214000,47.6274,11.75006
18216005,47.69195,11.7739
18218000,47.70759,11.72078
18218306,47.70507,11.73613
18222008,47.73106,11.86813
18226009,47.78917,11.82916
18242005,47.70921,11.9338
18246006,47.88677,11.82907
18261000,47.99201,11.86165
18262002,47.92246,11.9907
18263005,47.86062,12.01062
18269001,47.85659,12.00461
18269055,47.85659,12.00461
18284504,47.78532,12.00313
18284606,47.77808,12.0086
18285507,47.83545,12.08974
18286000,47.79693,11.9727
18312009,47.85026,12.12107
18312010,47.85006,12.12055
18322002,47.98014,12.21215
18343002,47.99304,12.01048
18346000,48.02387,12.14789
18381500,48.24207,12.03644
18382004,48.27398,12.15457
18382505,48.27753,12.28102
18382705,48.25965,12.42837
18384509,48.28093,12.61261
18387008,48.22972,12.13783
18400503,47.86124,12.36571
18403002,47.93442,12.48021
18405008,48.00344,12.53166
18407003,48.02711,12.55533
18408200,48.17148,12.731
18409009,48.0274,12.55495
18409508,48.1552,12.68186
18424501,47.45466,12.38788
18431008,47.51891,12.41697
18451504,47.66253,12.41546
18454003,47.78141,12.4756
18458503,47.66593,12.49784
18459007,47.72803,12.3969
18460403,47.82097,12.48106
18461257,47.81819,12.38355
18462205,47.78062,12.32373
18463004,47.85537,12.34094
18465000,47.84046,12.35024
18465600,47.81038,12.57294
18466002,47.84589,12.5161
18472005,47.97535,12.44767
18481006,47.83315,12.64605
18482009,47.87021,12.65463
18483500,47.99122,12.54242
18484503,47.72918,12.66379
18486000,47.82558,12.64531
18486509,47.68699,12.56872
18487501,47.82909,12.64944
18601006,47.59639,13.16413
18601400,47.79889,13.05497
18601505,47.8156,13.03474
18602009,47.93965,12.93279
18604055,48.06671,12.7703
18606000,48.15864,12.83434
18619001,47.58445,13.18275
18620500,47.64578,13.03226
18622006,47.61406,12.95316
18624003,47.64058,12.97069
18624806,47.58719,12.99019
18625004,47.61637,12.99695
18640802,47.52278,12.74998
18642003,47.68118,12.82282
18643006,47.74733,12.90019
18643505,47.81779,12.97861
18645001,47.69323,12.80154
18646809,47.76519,12.91339
18662000,47.8528,12.83059
18662500,47.88405,12.82497
18663003,47.89009,12.83804
18666001,47.84717,12.94597
18668007,47.84328,12.78532
18669000,47.82591,12.90809
18682507,47.93113,12.77793
18683000,47.91751,12.82791
18687001,47.93583,12.73256
18687500,47.93446,12.75571
18715055,48.29213,12.98305
18719006,48.26767,13.02889
18801005,48.36915,12.5269
18803805,48.41189,12.83231
18804309,48.42153,12.89956
18804706,48.42028,12.90465
18806406,48.43585,13.07264
18808004,48.42822,13.33391
18825003,48.43268,12.57043
18835007,48.42075,12.72846
18837002,48.40615,12.75507
18838005,48.40524,12.75661
18855004,48.42235,12.90144
18859005,48.39666,13.00529
19141055,48.72143,13.57616
19145208,48.57738,13.57969
19168000,48.57209,13.74474
20001001,47.54458,9.68495
21491355,47.56484,9.92314
21513155,47.57321,9.84468
21514600,47.53711,9.73617
21516505,47.55725,9.69923
21627008,47.54266,10.0156
21642755,47.61359,9.97584
21643004,47.64909,9.97036
21645000,47.64556,10.0849
24003009,50.09944,11.37271
24006007,50.16487,11.15134
24008002,50.15183,11.05825
24010004,49.95116,10.87348
24012203,49.9297,10.75521
24012204,49.92954,10.75505
24022003,50.03118,10.22075
24022004,50.03118,10.22075
24028000,49.85841,10.21766
24042000,49.7961,9.9258
24042001,49.7961,9.92578
24050009,50.00996,9.60374
24050010,50.00996,9.60372
24056005,49.76095,9.5183
24060002,49.78494,9.43858
24062201,49.74239,9.32231
24064003,49.71647,9.22463
24070006,49.9338,9.12907
24075000,50.01536,9.03372
24075001,50.01531,9.03369
24080000,50.07981,8.95277
24088001,50.10574,8.71498
24110508,50.03847,11.67467
24110955,50.09419,11.52526
24112155,50.11335,11.45897
24113459,50.0436,11.67015
24113506,50.02538,11.64288
24114000,50.06504,11.55185
24115002,50.10762,11.60921
24116005,50.12718,11.52514
24117008,50.11812,11.50645
24118000,50.11994,11.61509
24118355,50.1986,11.61604
24118500,50.18031,11.52407
24118703,50.1327,11.52609
24121005,49.84645,11.623
24122008,49.90665,11.62091
24123000,49.94909,11.56615
24125006,50.07537,11.42632
24126009,49.89734,11.66179
24127001,49.87095,11.69447
24128004,49.96956,11.68333
24134007,50.0905,11.2382
24140509,50.35217,11.51073
24141206,50.31794,11.48574
24141501,50.27817,11.43062
24142855,50.1981,11.29797
24143008,50.18154,11.22653
24143507,50.32473,11.51831
24143700,50.32493,11.48661
24143802,50.32191,11.48874
24143857,50.3218,11.48894
24144500,50.36358,11.49208
24145003,50.36297,11.48362
24145502,50.26827,11.54142
24145808,50.27103,11.46171
24146505,50.32176,11.28464
24147600,50.36872,11.30676
24148001,50.29201,11.36769
24148500,50.32543,11.36067
24148655,50.37781,11.37631
24149150,50.43042,11.15885
24149208,50.27731,11.15938
24160506,50.37012,11.00824
24160801,50.34931,11.02763
24160903,50.34726,11.02805
24162206,50.24917,10.96209
24163005,50.1294,10.87123
24164008,50.3701,11.01228
24164303,50.3694,11.04467
24165102,50.29664,11.05166
24165204,50.34964,10.96316
24165302,50.31805,10.97266
24165306,50.31466,10.97317
24165805,50.29792,10.92433
24165900,50.27833,10.94263
24165907,50.27689,10.94435
24167006,50.17745,10.84212
24168009,50.23949,10.78592
24169001,50.12635,10.85516
24183002,50.14458,10.70588
24186000,50.0021,10.84345
24187502,50.14569,10.73612
24201501,49.5461,10.97364
24208806,49.83275,10.94896
24209300,49.88198,10.90683
24210309,49.25023,11.08419
24210706,49.35394,11.05251
24211200,49.43608,10.99117
24211414,49.4043,10.46525
24211505,49.36737,10.49228
24211651,49.30459,10.56563
24212450,49.1954,10.88735
24213101,49.30959,10.57326
24213602,49.02987,10.95496
24213806,49.12056,11.00385
24214004,49.1534,11.01289
24214300,49.0493,10.98197
24214445,49.13898,10.89409
24214456,49.13733,10.89489
24214489,49.12723,10.96558
24214900,49.24783,11.09396
24215302,49.21162,11.18384
24215404,49.21302,11.17929
24215903,49.2412,11.05347
24217005,49.30803,11.5013
24217012,49.34003,11.40228
24217055,49.38298,11.45413
24217104,49.36882,11.37761
24217400,49.35518,11.14119
24217603,49.32968,11.02159
24218504,49.39393,10.73396
24218800,49.42653,10.89557
24219008,49.36698,10.70661
24220506,49.70637,11.55862
24222002,49.60559,11.50496
24223005,49.52589,11.4914
24224008,49.50627,11.27288
24225000,49.45582,11.05254
24225408,49.76442,11.54626
24227006,49.49938,11.52587
24228009,49.55823,11.34304
24228905,49.4817,11.23887
24230500,49.48252,10.88753
24231309,49.45249,10.60745
24232006,49.49341,10.75411
24232301,49.50764,10.90213
24235208,49.52045,11.08951
24236007,49.54463,10.70995
24237005,49.56772,10.88082
24237509,49.56733,10.96384
24238002,49.59682,11.21504
24238501,49.60168,11.02015
24240503,49.93518,11.29059
24241710,49.77834,11.3323
24242000,49.80316,11.25836
24244504,49.87914,11.33504
24246000,49.77305,11.40186
24248403,49.82438,11.1914
24249009,49.69431,11.27163
24260500,49.48487,10.39179
24261106,49.57324,10.56757
24262007,49.62133,10.67198
24262555,49.69431,10.77836
24263000,49.72596,10.93238
24263203,49.75917,10.98403
24268535,49.66042,10.46591
24269055,49.61898,10.62171
24292507,49.79998,10.9264
24292802,49.73112,10.59123
24293497,49.85529,10.68973
24295505,49.82251,10.84172
24322506,50.07611,10.51855
24336806,49.908,10.39687
24338007,49.90846,10.29875
24345206,49.81605,10.2925
24349003,49.79198,10.27522
24369000,49.66244,10.15485
24374805,49.79937,9.94839
24381503,49.98129,10.1205
24382304,49.97547,9.96276
24385007,50.02728,9.74922
24401001,50.29606,10.46886
24403007,50.31027,10.19301
24405002,50.19739,10.07443
24406005,50.18063,10.07305
24409003,50.08746,9.73533
24412008,50.35626,10.4234
24421009,50.47797,10.18294
24422001,50.37078,10.25895
24424007,50.4742,10.252
24429000,50.38214,10.2276
24431002,50.39925,10.04494
24432504,50.34931,10.156
24441006,50.21364,10.23751
24441301,50.25216,10.19653
24444001,50.15085,10.38164
24456003,50.34409,9.97908
24460306,50.1966,9.95961
24461003,50.21993,9.96686
24473055,50.13141,9.72842
24481000,50.30777,9.78896
24481500,50.29961,9.74371
24482003,50.20071,9.61654
24483006,50.07408,9.6872
24486106,50.23682,9.59889
24521105,50.06099,9.47533
24522006,50.02517,9.54042
24562000,49.86958,9.59673
24585006,49.77475,9.65345
24601000,49.32558,10.19325
24601703,49.45382,10.07048
24603006,49.49842,9.7679
24607506,49.62588,9.66574
24623003,49.51336,10.01972
24713004,49.61722,9.44952
24719102,49.71068,9.27153
24722005,49.68039,9.21823
24726555,49.64398,9.23193
24742206,49.67303,8.99757
24744008,49.84133,9.05124
24751003,49.85881,9.28449
24752006,49.82719,9.21638
24758002,49.99499,9.18711
24766000,49.97368,8.98419
24772003,50.08265,9.24321
24776004,50.08623,9.06535
24782007,50.19882,9.18887
24783000,50.13235,8.94622
24807006,50.18225,8.74106
53201505,50.1299,11.99477
53202508,50.10163,12.21333
53216003,50.02147,12.10487
53216808,50.05468,12.1895
53216954,50.00379,12.10277
53222006,49.93301,12.29082
53224001,50.00434,12.31461
56000500,50.18623,11.84636
56001003,50.26282,11.93265
56001502,50.32403,11.9145
56113404,50.18385,11.89947
56113700,50.20101,11.90987
56114000,50.20129,11.90507
56116002,50.18012,11.97423
56116005,50.18838,11.97155
56121655,50.2576,12.07982
56121855,50.25688,12.05215
56122008,50.24544,12.01964
56131803,50.2729,11.89871
56132001,50.28329,11.92331
56142055,50.32145,12.07808
56143008,50.28578,11.98072
56161509,50.36756,11.69103
81617935,47.64098,11.59099
81842200,48.17189,12.73105
